User,Bot
HoustonPokeMap,1
kernyeahx,1
mattlieberisbot,1
sc_papers,1
lucarivera16,1
dantheimprover,1
_all_of_us_,1
KatamariItems,1
AutophagyPapers,1
HSC_papers,1
everycheese,1
gyr_papers,1
lavon_court,1
AjstyleAlen,1
Rupesh93505,1
hard_to_yelp,1
fuckeverywordza,1
yeahTonyaGonzal,1
BbbbggU,1
ecin_gnihtaseod,1
tofu_product,1
onetruewiseman,1
everycolorbot,1
himawari8bot,1
emoji__polls,1
everytrolltroll,1
hyphizer,1
GreenwadeGema,1
par_papers,1
everyMTGlegend,1
assembly_papers,1
DeepDreamThis,1
baron777111,1
BestOpinionPoll,1
dstroyeveryword,1
917_7513,1
snowcloneminute,1
NESGarbageBot,1
BklynMuseumBot,1
clitoscope,1
feud_exe,1
vaporfave,1
peabero89,1
UcOVJ4xlZaGwtKm,1
moonmurmur,1
AttentiveBot,1
vocalsvt,1
249_4665,1
Ttimmson74,1
LondonPogoMap,1
CrisprPhages,1
forestgen,1
phy_papers,1
rnomics,1
woloshinj_buzz,1
DiGRAThemes,1
Twisted_Maglion,1
shantae_stubby,1
super_jeopardy,1
Speed_1994,1
TheUniverse,1
everywordNYT,1
Exoriders,1
onlymanthings,1
maximotxx,1
violajacobs2414,1
Lake5Media,1
crystalliser,1
SeethingVortex,1
Horse_ebooks,1
FMKVote,1
biorxiv_evobio,1
BoazimBot,1
ClipArtBot,1
gotogyuterte,1
libraryofvivec,1
ItMeIRL,1
Rober4628,1
aura_mazon,1
MBPoGoAlert,1
tiny_star_field,1
pentametron,1
ArkhamSingles,1
NYC_Newswire,1
VegasPokeMap,1
literaldevices,1
emojicheer,1
EuphemismBot,1
NK_papers,1
oliviataters,1
QuantomBot,1
zatieot,1
ADigginsSDN,1
FreeFlattery,1
everyboolean,1
bxv_molbiol,1
ColBertStephens,1
scillaria,1
MoskowitzMooney,1
threedesert,1
IFClueBot,1
dejiwall,1
PokemonGONewsUS,1
ManoelaBeta7,1
TahoeChains,1
Every3Minutes,1
Anuroopjr,1
ursulaflanagan,1
jowueob20,1
quitoehck27,1
HAroldbtmeme28,1
katharyns25,1
hakusongs,1
thewillthewisp,1
living_newyork,1
soamazingquote,1
loriwcute,1
trinityadam,1
regurol1994,1
Cardinal_Fang,1
RACQUELW86,1
plzrevisit,1
dailymoist,1
killcodes,1
_emo_ji,1
SadisticMedic_,1
prix_fixe_exe,1
evoldir,1
_grammar_,1
itsavailable,1
everyletterbot,1
PressXToBot,1
julissaf93,1
IFinspiration,1
taehyungirl30,1
MagicRealismBot,1
EpicSGPokemon,1
pops131,1
ScottalenLeeRo1,1
face_withface,1
lvnt2000,1
McdanielArmijo,1
all_in_cards,1
autocompletejok,1
FalalalaBot,1
msxs_2016,1
harmonsway1013,1
CTCF_Papers,1
2noob2btrue,1
virus_genome,1
fitzpatrickmen4,1
MetaphorMagnet,1
imtherealdontai,1
everygothcolor,1
lillyb121,1
best_tv_recaps,1
Nucleosome_Bot,1
KathlenelTloi,1
NArcisal20,1
PentatonicBot,1
biorxiv_micrbio,1
crossword_regex,1
think_i_do,1
wowwwrude,1
angrystepparent,1
TavernOfMirth,1
voasekuck87,1
hihiCherylsC,1
everywordcup,1
tcellbiology,1
JargonTron,1
MuscleStemCell,1
botechre,1
sjuworkerr,1
MIlissawhihix,1
biorxiv_biophys,1
Bedr0ckLearning,1
AwfulEmoji,1
twoemoji,1
everynerd,1
vuguiwi1991,1
TumorImm_papers,1
donalddrumpfbot,1
janine_baradi,1
attribot,1
baaldraavers,1
MOF_papers,1
kateware9733,1
Anthonyswag18,1
poll_test,1
zorak_ebooks,1
Bot_Nohomo,1
JeseniaT16,1
Kozzzy24,1
riverlevel_1867,1
re3makes,1
SpellerBot,1
BletchleyRoll,1
fastsamueldwrig,1
RootPapers,1
weatherlies_bot,1
Victoriaavell11,1
DJ_EBOOKS,1
Popgen_Papers,1
AskAndAnswerBot,1
jakeuip27,1
tylerstacos_,1
2UvyAyaFb5jpLby,1
Botgle,1
hotelbotai,1
TysonFosterz,1
AutoVids,1
ParrotFlaubert,1
bidoof_bot,1
butt_things,1
moajaqind1982,1
riuleew83,1
preprints_metab,1
valid9tion,1
litts_mccarlie,1
SunsetGenerator,1
peawme,1
Jacktheboss434,1
bangbangarix12,1
buzarun,1
DPLAbot,1
i_akari_daisuki,1
wowwwiftrue,1
gloster_tilda,1
buoypix,1
MusicmakerBot,1
erowidrecruiter,1
TVCommentBot,1
arXiv_grqc,1
allnothings,1
pkmn_bonsai,1
memcached_magic,1
elmerw28,1
PriceOfDogecoin,1
chicknolapowell,1
meua_lee,1
a_travel_bot,1
MAmuamunt,1
wordisaprison,1
selfportraitexe,1
TermsofSbot,1
walenar21,1
pseudo_papers,1
lncRNA_papers,1
Now_Boobs,1
snailsnake,1
duane_persaud,1
ValentinoBot,1
relations_js,1
bandname_exe,1
LoremipsumBot,1
genie_nelson,1
ManyJams,1
Marquis_Turnerx,1
katheyp27,1
mozerablebot,1
LitOffLanterns,1
oiledits,1
BeaHgiant,1
GrantsBotGov,1
mcgucket_bot,1
BowieK66,1
ducknoteprice,1
robotrecipes,1
everyumlaut,1
glossatory,1
Fancypants6047,1
Hedgehogize,1
jamieph93986621,1
NothemDonella,1
pony_strategies,1
imgconvos,1
StobbeKindra,1
cgagraphics,1
ngthaohuong97,1
m_h_nishimura,1
TheYearofLuigi,1
litpatches_txt,1
everysimile,1
J_C_Christensen,1
lenirvana666,1
DrPhilRx,1
DivinaCooperi,1
libraryofemoji,1
wrap_papers,1
BloombrgNewsish,1
OliverBarkBark,1
jargotron,1
Games4Grownups,1
Lowpolybot,1
2blessed_exe,1
poem_exe,1
HigherEdSurge,1
GUNNERCARTERXX,1
myah581,1
starnearyou,1
wayback_exe,1
wutahiq19,1
OldLSystemBot,1
low_battery_tho,1
yeahashleyrober,1
WonderWoman0716,1
faq_walkthrough,1
AutoNetflix,1
FeinmanAltha,1
VoynichTechNews,1
xx5sosvines01,1
throam_bot,1
NMBPoGoAlert,1
ButtlawMcButt,1
GilgameshTweets,1
dronesweetie,1
PenryParmelee,1
altagraciao86,1
bookonbalcony,1
SuperbOwl3000,1
ARealRiver,1
tiny_astro_naut,1
ceubehen,1
ljw269,1
armspirits,1
marcelinep16,1
epigen_papers,1
tardygram,1
SharksOnCouches,1
LucileRobertsa,1
SylverBot,1
adventvrecall,1
greatartbot,1
dtufreak,1
patrinafbryantz,1
bot_things,1
MuzeumBot,1
fantasy_florist,1
hypoxiapapers,1
MysteriousW0rld,1
netflixtaglines,1
MythologyBot,1
THMarcella,1
themetgallery,1
FFD8FFDB,1
DuniaOnePiece,1
wz77,1
scell_papers,1
WizardGenerator,1
bouquetbot,1
astronaut_bot,1
censusAmericans,1
tibbits_marcus,1
3461holley,1
isu_bot2_fs,1
HaikuMurakami,1
Clippy_exe,1
fullmetaliberty,1
cancerSL,1
phylogeo_papers,1
asdfghjkl0l2,1
sexyeveryword,1
hortensiadicke3,1
Sexkitten0422,1
kanyejordan,1
someboxes,1
mahireyvazov,1
mlegoudes262,1
1lovetakes2,1
coolbot420,1
topbiopapers,1
STaafunnyx,1
bionet_papers,1
pizzaclones,1
DistractedGenie,1
space_stories,1
CantorLogical,1
sg_ebooks,1
scientificpaper,1
biorxiv_genomic,1
scdicaprio,1
allemptysets,1
thedismalblog,1
ahouseofdust,1
NY_Now,1
_LostBuoy_,1
spear_one,1
kordeidangerouz,1
andrewhuangbot,1
AllTheCheeses,1
fly_papers,1
Suarez06356267,1
Eyescaler,1
soeqaib,1
AllOilPainting,1
SmoothUnicode,1
charand522,1
CultEvoBot,1
SAmallenxx18,1
beiwiqe25,1
helpmeetgoal,1
chinesphere,1
xbangtan1,1
eachtown,1
NixieBot,1
Zzt_ebooks,1
angelia_irr,1
NaiveAnswers,1
biofilmPapers,1
baeksehuniie,1
TwoHeadlines,1
sponge_papers,1
CitiBikeDocks,1
likeuberbut,1
beefl96,1
GoogleFacts,1
vox_ebooks,1
synbio_papers,1
nice_tips_bot,1
quantifiedinky,1
ididmorepushups,1
assignments_txt,1
TwitterMovies,1
lixoxept96,1
BotMtGFlavor,1
DSWalsh6,1
XsGonnaX,1
Fact,1
reverseocr,1
anamariaq27,1
litoraptor,1
colorschemez,1
startup_o_matic,1
Joey_Cartero,1
1pRsHsia8WbmoD7,1
menubot,1
BioCodePapers,1
gorillacities,1
SydneyPogoMap,1
JpTeixeira01,1
CRISPR_papers,1
SluttySara,1
suavkog95,1
rosalinemckeit4,1
eatdicks4health,1
TrevisanOlympia,1
ProtasMerrill,1
not_a_cop_bot,1
FollowNoire,1
MltplSclppr,1
theDesireBot,1
VillanelleBot,1
USPRI,1
ideabot,1
BadArtThief,1
fuckingbard,1
pixelsorter,1
ThreeCourseMeal,1
Keifer67684948,1
artassignbot,1
botsummittalks,1
ZinaJ26,1
zopuolond93,1
eAgreeTeam,1
EnjoyTheFilm,1
_DJ_3000_,1
sunsetonari,1
infinitedeserts,1
jonttxoxoa,1
emojidreams,1
CutePetsDenver,1
porcadapalabra,1
MelPogoMap,1
SimGenerator,1
suaj30,1
YouAreCarrying,1
Hollon1120,1
zackeryssuperz,1
RNAi_papers,1
mrsfishsfunkys,1
LilSpellbook,1
theIntialCommit,1
brainchatbot,1
henrysalomonlo1,1
RealHumanPraise,1
CarminaO29,1
oiltrading_blog,1
rireljbeq,1
lepage155,1
_OutToSea_,1
freefollow20071,1
sitcom_o_matic,1
SortingBot,1
zorinlynx,1
TurnsOutBot,1
randomRTBot,1
ca_props_exe,1
JackTheAts,1
notallbots,1
solidstateNMR,1
Abbeyafb2017,1
PmapAarhus,1
NutcrackerRedux,1
MindaHjello19,1
plzasm,1
randomchordbot,1
RylGme,1
SendNudes1099,1
ANH_Papers,1
PatriciaPlake,1
wildflowersbot,1
bobbysmith1189,1
king_chrisg10,1
TinaStreet2,1
TodayFinally,1
NarutoFans_Indo,1
everysnake,1
SlideSource,1
thinkpiecebot,1
5hmC_papers,1
botswifty,1
PleaseRapAbout,1
scaevans25,1
thewaybot,1
FalseFlagBot_,1
AusGLAMBlogs,1
PlayLightsOut,1
PubSnips,1
WhatTheFare,1
JEL_O_bot,1
bioinfo_papers,1
5oclockbot,1
Circaenergy,1
HPricea93,1
nievesgilbert11,1
tyylleerrjjjjo,1
iaminigomontoya,1
wikisext,1
everyadage,1
youareherebot,1
blank_was_blank,1
INTERESTING_JPG,1
hotsootuff_bot,1
franklin_pmiami,1
4myrealfriends,1
wearable_things,1
WeirdConvoBot,1
ÓATVI_ABÒ,1
GameDesign101,1
cummingforlrh,1
ReligiousRumors,1
ceback84,1
lists_of_lists,1
hollowking360,1
RosesAreRedBot,1
1995Internet,1
everypunk,1
sleeps_xmas,1
angelikaparnell,1
MythologyButt,1
worstvsworst,1
wizarding_names,1
oldschoolflyers,1
StarttCallaghan,1
TXTADVNT_EXE,1
mutilda,1
Raffaelo14,1
drow_yreve,1
CompBiolPapers,1
NetflixSoundFX,1
NYPLphotobot,1
a_xing_ebooks,1
microRNA_papers,1
ItCantFail,1
100yearsrising,1
dnstats_agora,1
haikuthegibson,1
pearwin96,1
hapaxhegemon,1
AnnaLoz42522982,1
westlife1219,1
othello3579,1
botarchaeo,1
mjvocals,1
mekhislo,1
faapaednt24,1
WUedsefnd25,1
sextmanteau_bot,1
corporabrackets,1
PokeAlertMalmo,1
WrongRobot,1
CloudyConway,1
CyberEveryword,1
shea_leesa,1
nostrich_ebooks,1
RenPeralta23,1
_The_Thief,1
botanicalls,1
NicenessBot,1
itsthisyear,1
LettsScience,1
AkashLahuKale7,1
MusicReviewBot,1
botALLY,1
Opportunitweets,1
BecauseBot,1
scheideggermaia,1
thedreamstream,1
_primes_,1
ShakirVip,1
storum_alona,1
yannalynn29,1
TwoJournalists,1
DrAngryBot,1
howxisthatybot,1
nz_quake,1
OwenPallettSwap,1
mental_floss,1
lawandorderexo,1
ChIP_seq,1
LegoSpaceBot,1
judgxx,1
muejiiz1991,1
dwightmitchellz,1
exoslash,1
trendagainst,1
RestroomGender,1
jansfarmera,1
laobadengni,1
Gravity_Ireland,1
HEoxt25,1
EquestrianBot,1
NailbiterBot,1
edrad90,1
fluffmaster7000,1
TinyCrossword,1
businessman_exe,1
supervocalic,1
BioinformaticsP,1
AvengerEngineer,1
flippedconcept,1
rulesofcards,1
TransxnNoiseBot,1
future_junk,1
JusticeUmoren,1
follow3dcliff,1
johnettaj26,1
metagenomics,1
choochoobot,1
mdmorrisx84,1
goldenratiobot,1
ionxhsuper,1
sRNAPapers,1
winter_py,1
saikoa0709,1
BMPBug,1
NeuroGen_papers,1
statementartist,1
pooledseq,1
lesliehandsome,1
RedScareBot,1
AnimalVidBot,1
classifybot,1
fontcriticbot,1
QIMRBergh_pubs,1
swimwear_,1
TC_papers,1
Inspire_Us,1
LatinaEisenhow1,1
joaxt1985,1
RemarqueNYU,1
HanuAcademy,1
swear_bot,1
GIFsofWikipedia,1
RoboRosewater,1
MacyJordan4,1
Slam140,1
ColorADayBot,1
Indie_Dev_Bot,1
donniensdroopyi,1
aDNA_papers,1
CointraqBot,1
_posibot,1
Larissa_W28,1
LifehackLifehax,1
InstrumentBot,1
DifferenceJoke,1
acrotowne,1
raviraju88,1
AddAWordBot,1
vike29,1
GraphicScoreBot,1
johnhall,1
OMG_wikipedia,1
flahertymiragl2,1
SherriLucio,1
abotcalledquest,1
metaphorminute,1
aportraitofthe,1
Na1U1AX56WrkBSc,1
LevelMccune,1
Tanya2558,1
zionb22,1
JEveryword,1
PedanticMagick,1
janicerogersz,1
emojidoll,1
blahfuture,1
mnemosynetron,1
cyclicdigmp,1
bangbangari9,1
Billy_W83,1
qaefr83,1
60008d2f8baa4d9,1
likesfrombutera,1
Acrostician,1
forgetmebot,1
yes_ofc,1
botsburgers,1
maryland_vernon,1
coopaula_reedxx,1
justdidathing,1
jggcpczhdys684,1
realdinogenera,1
letsgovelo,1
HottestStartups,1
sabo_sabo21,1
foodie_dems,1
spiraesthetic,1
deandeandremwri,1
Rachelyxxxx,1
AnaiaaYh92naj,1
Georgia98208,1
fantasticColinf,1
theveryword,1
NerdGarbageBot,1
RamboRushes,1
jHYtseBot,1
apparent_things,1
Unicode_ebooks,1
biorxiv_ecology,1
GenreMasher,1
FreeFollows429,1
auto_automata,1
fuckeveryword,1
VerifiedBioBot,1
ImportantAnimal,1
AU_Prompts,1
makarovwhc1994,1
butwithguns,1
cookeryBliss,1
man_products,1
adjectives_bot,1
vitamin_A_paper,1
realNYCbot,1
zguo0115_USyd,1
lettergamebot,1
Immunol_papers,1
jam_allenxx,1
Mzredd2K16,1
koiseujn20,1
ahmedmobarkqw,1
YoJSRr9J58SE6Zz,1
IMG2ASCII,1
genomeguardian,1
mcleanaitenbic2,1
FailureIsOK,1
pokemon_sokuho,1
IT_papers,1
JadenLuAJ,1
the_ephemerides,1
Dentagama,1
NRPS_papers,1
spellwithout,1
EdTaters,1
ghost_things,1
SilviaCeausu,1
lois_caskey,1
wadinfo_txt,1
amiibo_oracle,1
taizeutl1995,1
PROGRAMR_BAT,1
ebooks_goetia,1
SRMicro_papers,1
BenghaziWord,1
Janalamar35,1
manygardens,1
viralhulk,1
hold_thepresses,1
racismdetector,1
sailorclones,1
colombia_bot,1
ebo_hayes,1
jrr9bNVRCcUXfa1,1
lava_mite,1
WWE_Network_Bot,1
ROBODRUDGE,1
infinite_scream,1
TF_binding_bot,1
EMR_research,1
wikishoutouts,1
Exome_seq,1
rrsarq,1
b2a6813979744ac,1
Ferguson2426,1
keci256,1
drake_schanae,1
guijaoml,1
theseraps,1
FordPinesBot,1
untag_me,1
magicpixx,1
alertmessages,1
stevinbeijing,1
kaylawillis258,1
GRahamwbeeey,1
HeroGraveyard,1
big_ben_clock,1
ismail_abaid,1
Tink0074,1
Taimanglo2526,1
WYR_bot,1
GregorybBcreati,1
benjamin_ha2005,1
_ku_bot,1
YouLookNiceBot,1
hotspot_papers,1
Exosaurs,1
muahaha_bot,1
AnoncoinPrice,1
nope_nooope,1
mrwrongbot,1
MassBudgetBot,1
biorxiv_cancer,1
yosefo25,1
Adamhuzz,1
abretonoa,1
LACMAbot,1
SubbaEric,1
FuckYeahIrony,1
JackMax002,1
cash_jobs_hope,1
LeannArtz,1
AutoFollowPeeps,1
GodeauCottongim,1
DungeonCrawlr,1
SciTechRangers,1
dogbreedbot,1
555uhz,1
moonshotbot,1
YourADickRD,1
Aerie,1
FavThingsBot,1
nondenotative,1
ErinChL,1
avadim11,1
evanescence_exe,1
ShropshirePulse,1
GlitchLogos,1
MoMARobot,1
netflix_bot,1
LandsatBot,1
meiosis_papers,1
emojiidioms_txt,1
gokejian,1
akramEldesouky,1
HundredZeros,1
hartman_rob,1
Botstache,1
Rajesh37123986,1
GrinchPhonebook,1
regulon_papers,1
MIikoeml,1
cellendipity,1
earthquakeBot,1
PlantEcologyBot,1
skyree_21,1
dungeon_junk,1
Chevyluvr97,1
only_a_comment,1
a10n_bot,1
WiseWrestlers,1
CODEC_BOT,1
ryrykpop966,1
ArxivBot,1
Juaanda_SA,1
G33k3rGeek,1
modofanpage,1
M_Richardsonzz,1
emily_testbot,1
opus_exe,1
botmistress,1
xxarchive,1
GameCritBot,1
Attack_On_Tita4,1
WhatsOnSteam,1
max_kompressor,1
airport_exe,1
VEGFRSSfeeds,1
two_artists,1
PoGoCV,1
AgusBJ_GD,1
worm_papers,1
NYPLpostcards,1
tldr_bot,1
badjokebot,1
MakeAGifOf,1
dariusbots,1
onlineadvantag,1
everybird_,1
Betelgeuse_3,1
ceasedesistbot,1
V_and_A_Bot,1
pomological,1
FridayFridayBot,1
RNA_seq,1
endingsummary,1
hewenqiseven,1
zzbrittenybcraz,1
TheLegion24,1
holidaybot4000,1
GestaltungBot,1
big_cases,1
BestOfTheBots,1
unchartedatlas,1
zoegoko25,1
ReadLaterBot,1
SketchCharacter,1
binsumi,1
Every_User_,1
DefiniteJoke,1
knock2bot,1
WeBustedGhosts,1
IAM_SHAKESPEARE,1
BrunoTSaraiva,1
TheAlotShepherd,1
xiehl16,1
fRIEND_ASKING,1
tomas_Sabo_,1
EctoHime,1
emoji_haiku,1
very_scared,1
contrarybot,1
LokkenGeorgie,1
iknowwwright,1
JlacyPeteswife,1
biorxiv_genetic,1
ctelyricsbot,1
neverwords,1
JC_pathogenomic,1
Shadow_Bot_PKMN,1
liketocontinue,1
mdurkinlv,1
thomp27,1
rm_everyfile,1
clubstatuses,1
StckMrktStatus,1
godtributes,1
JPGglitchbot,1
dungeon_bot,1
everyhaiku,1
MakingInvisible,1
PARANOIABOT,1
Delee1087,1
nohemigbeei,1
VitaminNext,1
pikachaplin,1
Chell56704574,1
Two_Headed_Coin,1
ATArchiveBot,1
JohnKorosec1,1
msturgeo1,1
HorizHealthShop,1
EvoBehGe_papers,1
vipeeri,1
desires_exe,1
qutont16,1
KennethTillma13,1
ziallarry_lilo,1
FelicaBdesigner,1
Favstar_Bot,1
NYT4thDownBot,1
acrostik,1
gachfocal,1
Yoda_Bot,1
MuseumBot,1
nguyent69899248,1
wynellbrownz,1
abotthat,1
LSystemBot,1
botsrcool,1
Marygarcia207,1
hplabs,1
cant_miss_it,1
twinsmodel,1
AwlTags,1
zeiseema,1
belsfreefollow,1
xzavierm18,1
RiyazBedrekar,1
baunvez28,1
ellygdesign,1
BrianIsNotABot,1
which_one_bot,1
metal_or_magic,1
hotter_exe,1
JasminPCv,1
zujiaaz17,1
mhzhai,1
500dollarwords,1
N_ChuiYing,1
Rom_Adamsxx,1
FintechBot,1
AutoCharts,1
TCmiamey,1
OrangeYoshiOne,1
BitcoinSpreads,1
action_inaction,1
wucooagl,1
VeryOldTweets,1
whistleboca,1
mixed_reactions,1
MakeUSABotAgain,1
fruitWormPapers,1
g_emiamiz,1
masjones28,1
sugar_zine,1
asthma_papers,1
PopMa98,1
monfactory_bot,1
MarlaQ93,1
boy2bot,1
BEd_UOIT,1
trutherbotpink,1
okcubot,1
JustDiedBot,1
rrpxpqtlvrdpryO,1
one_piece_meige,1
tiny_nutrition,1
GamesMemes,1
thesefutures,1
PlantBiologyNSP,1
MattSwulinski,1
ohxeimoo,1
YesYoureRacist,1
SharenowEmord,1
GenerateACat,1
BTCMaster,1
nycpokemap,1
gameideamachine,1
qoihaaqnd83,1
LCorduleRealtor,1
POGOSouthCoast,1
maurita_super,1
Schnyder2885,1
TheSiliconHill,1
soft_focuses,1
Nathan60899955,1
postcards_past,1
zainulk87368485,1
wordassocbot,1
ClickerMaker,1
Taz_Aadam,1
DannyDevitoBot,1
TaylorMichaell,1
mfw_sh,1
loritas16,1
koreygonzalezi8,1
robotuaries,1
AJchica84,1
Joyce_Ross86,1
RunnersKaskus,1
traedwardsx,1
newmantras,1
ERIKSGT,1
phagepapers,1
TravelTacticsUK,1
dscovr_epic,1
SaveHumanities,1
BLjellox,1
IrlbeckFleming,1
botsplain,1
CandisAide,1
lilboysivan,1
everycanontroll,1
custom_ms,1
sweetgirl4355,1
Botston,1
thematchbot,1
brayanh27,1
AppreciationBot,1
Naruto__bot,1
XOahoveck,1
SoniaSlunaker,1
thegrugq_ebooks,1
KellyKasula,1
plot_o_matic,1
IndyPokeAlertNE,1
everysplain,1
PRAYSSURANDO,1
AZRERockStar,1
everyword,1
uncle_nintendo,1
ASplant_papers,1
quest_glitches,1
jalpmiam,1
botlang,1
EldqAdamsi,1
cohesin_papers,1
thenewharperlee,1
EffDonaldTrump,1
BabellingBorges,1
oneiropoiesis,1
dumpmon,1
Germanwordfor,1
we_didnt_start,1
FEveryStartup,1
_smile_bot_,1
Nematode_papers,1
mitosis_papers,1
Deer_ebooks,1
transcriptomes,1
evryshadeofgray,1
J_D_Landis,1
TheChocolateMoo,1
landscapesorter,1
paulenec22,1
3D_Genome,1
botacokewith,1
ml_applications,1
goevtal,1
TheHackerBOT,1
badboy_11122,1
UfklBot,1
PoGoSanteeCA,1
journeybot,1
tozid16,1
tennerKymberly_,1
Psykokwak_fr,1
botathon,1
countdown_omen,1
loveastrologers,1
jacobletsplay,1
everywordisgay,1
HAL_4500,1
Yolowbot,1
vikram_ghanote,1
ANamariao89,1
TheBotOfMormon,1
NotXbut,1
cleoraobnowx,1
received_wisdom,1
Kelly4Trump,1
portmanteau_bot,1
WinnifredCouret,1
PYRAMID_CEO,1
medrobot,1
EveryBookBot,1
colsci_papers,1
khalilecrazy,1
BioinfoPapers,1
PhilaMuseumBot,1
JaveriyaShaikh4,1
TOisiosr1989,1
everycurd,1
techiecorner,1
swisnf,1
PassportReviews,1
KashubaEsposito,1
Iraqiboy313,1
VanityScience,1
ILYguyss,1
ribosome_papers,1
CrashBurnRepeat,1
Businewss_Bot,1
UshaLzz,1
MiraculousPics,1
biorxiv_neursci,1
DeepdreamBot,1
bbbbbbbbbbbaka,1
Imtheotherok2,1
biorxiv_pubd,1
BioPapers,1
AndNowImagine,1
PrinceOfAllBots,1
autotweetbots,1
zou_wan,1
LOilepind,1
siexaij95,1
OTRdenny,1
IShotTheX,1
SGPokemon,1
merrey90,1
___said,1
ELialexanderey,1
EveryFinnishNo,1
emilyvanderbot,1
chrturner22,1
neuralgae,1
crossddestinies,1
holdon_magnolia,1
HatawayDavies,1
cichlid_papers,1
NeverGiveUp_EN,1
congressedits,1
X_of_Y,1
Bot_of_Jonathan,1
celand82,1
BrainDev_Papers,1
biorxiv_sysbio,1
CancerPapers,1
SaintSeiya4Ever,1
ComicSansWords,1
bizedav25,1
Tatiannajakayl1,1
lao232,1
AwesomeJalapeno,1
eventuallybot,1
CambsPokeAlert,1
HOzaara22,1
overwatch_exe,1
wisdom_exe,1
loops_enhancers,1
BestOfRHP,1
lazont26,1
GameOfLifeBot,1
softlandscapes,1
DigitalSkyz,1
a_quilt_bot,1
BrandLover7,1
sextexchange,1
PERMUTANT,1
gritty_rebot,1
modernart_exe,1
ZEazr1987,1
alt_text_bot,1
TE_papers,1
TheCitizenKanes,1
zaynecgray83,1
zozioevd,1
NaiveQuestions,1
madamezolbot,1
JohnOliverBot,1
pipika_bot,1
ComicBookTalks,1
tinydnd,1
NatureArticles,1
tahjaylee,1
bxv_cell,1
jajlang,1
BoatNameBot,1
debbyr83,1
cat_namer,1
bexley2222,1
Goombot,1
garbageemoji,1
ShamielAlli,1
JustToSayBot,1
biorxiv_cellbio,1
Graceful_Dolans,1
kazi_quaide,1
EveryGem,1
yayfrens,1
dix6482,1
yeahcolton_smit,1
kathking2017,1
AestheticDril,1
bxv_biochem,1
MobilityErnest,1
AndromedaBot,1
TheRiddlerBot,1
TINYiPhone,1
everysword,1
metagenomic_lit,1
freezeframebot,1
Symbiosispapers,1
cihpom,1
AllTheLanguages,1
HellDudeREAL,1
SueCoyle14,1
EcoLog_L,1
LinkRelations,1
biorxiv_bioinfo,1
ICYMI,1
factretriever,1
GodbyJean,1
KareninaClones,1
zuudveh,1
litscraper,1
_blackobs,1
NDM_Papers,1
AnayaJarrett,1
edgetics_papers,1
everyailment,1
ExtinctCatalog,1
GenerateAFace,1
penguinandhouse,1
badpng,1
MIreilled28,1
NAS6222,1
GWAS_lit,1
heyheyhayleighh,1
SteemCodes,1
HendersonPkmon,1
MenDoing,1
wendyc_bot,1
IndyPokeAlertDT,1
letsplaysnake,1
NoellaKarlson,1
FtWorthPokes,1
ishnobop,1
arpeggio_bot,1
IanMaksin,1
imgshredder,1
darndesttruisms,1
emojitoemoji,1
gridgenerator,1
moltar_ebooks,1
DCell_papers,1
A20989664A,1
aaroncarter,0
michellebranch,0
stronginmyfaith,0
Jessicaveronica,0
resargento,0
crazyl1f,0
TaniasimonTania,0
YCPRProf,0
bandofhorses,0
sparker,0
gitamonte,0
junecohen,0
larryellison,0
PleasureEllis,0
Carl_C_Icahn,0
LillianSaysSo,0
SaraRoMenen,0
Readygov,0
50cent,0
WonderboyMMA,0
NASA,0
iPoonampandey,0
Andrewdiazgonz1,0
Defendant_SBS,0
Mah_Sebinelli,0
kaliedascope786,0
kramergirl,0
Alyssa_Milano,0
RobertVinluan,0
Oprah,0
ImRo45,0
CP3,0
BryanCranston,0
davidmfoley,0
davidgross_man,0
KenJennings,0
JoeTrippi,0
AndreaUrbanPhD,0
official_barak,0
KnowledgeAli,0
happjon1,0
CalderBecs,0
ihansika,0
PerkinsEastman,0
harryRpotter,0
Ginuwine,0
ReadtoGrowCT,0
hehaiwu,0
scottzabielski,0
_AmandaGondo,0
AMCOUNTRYCNTWN,0
TimWestwood,0
SportsNStuff333,0
apioth10,0
SteveMartinToGo,0
DJDRAMA,0
jooycegoomes,0
CrescentWrench,0
vitormartinez,0
ICBCArgentina,0
movienasha,0
WayneCirilli,0
_Jehmg,0
StephenAmell,0
SomethingToBurn,0
Isadora_Romera,0
makerbot,0
nivieira,0
rogerclemens,0
vitorbelfort,0
ReggieEvans30,0
elw119,0
GavinNewsom,0
freddurst,0
jennygzhang,0
Coolio,0
YesYoureSexist,0
Julie_LGreen,0
bhanu_rvd,0
questlove,0
keaneofficial,0
moulitweete,0
saramafzal,0
BenWrightATL,0
BrittProvost,0
varunpostpickle,0
notquitefrodo,0
leeticia_G,0
wizkhalifa,0
shawnnamusic,0
lakeographer,0
abhi_rathi88,0
fahmed92,0
aplusk,0
ravitejavarma_m,0
NYUWasserman,0
jakeborge,0
naihadmohan,0
DJPROSTYLE,0
MikeBloomberg,0
joeyallen28,0
francescadani,0
tushar141990,0
KevinHart4real,0
Efr1m,0
Jupedrita,0
WillRowan3,0
burtherman,0
jessicaalba,0
KrisAllen,0
thebeatles,0
Adele,0
AliGPincus,0
Carol1_Freitas,0
AaronRodgers12,0
igottwiter,0
carrieanninaba,0
TencentCorp,0
SrizanKozu,0
TheBigFatTechie,0
sherwood,0
PlayboyMic,0
kingsthings,0
WHOSTP44,0
parislemon,0
realDennisLynch,0
ericschmidt,0
ThaboSefolosha,0
JordinSparks,0
drfeifei,0
thescript,0
adultmomband,0
dallasleebridge,0
larissawandame,0
MirandaCosgrove,0
PaulBrounMD,0
myspacetom,0
jborrel00,0
Om1prakash,0
realDonaldTrump,0
evanspiegel,0
DrowningPool,0
LeooooFerreira,0
mariamenounos,0
lessig,0
SkyeTunes,0
DeRayDavis,0
SivaNagarjuna14,0
jessicanaziri,0
ShashiTharoor,0
WaryJT2,0
Vleeties,0
kaiquegamela20,0
nyubridge100,0
Mehul_27,0
LauraPausini,0
SaraBareilles,0
phil_hellmuth,0
JinghaoLu,0
SHAQ,0
paparoach,0
SmallWonderBand,0
ID_AA_Carmack,0
JuraBaran,0
georgelopez,0
suryad26,0
VinceGreen53,0
DeathBot9,0
livestrong,0
robledorodrigo8,0
thetanmay,0
e_kaspersky,0
TimoteoPRogers,0
cmlasa,0
slippytrumpet,0
VivekDuttMehta,0
SeanKingston,0
Akkuhere,0
ciara,0
tim_cook,0
funghoulI,0
VictoriasSecret,0
ilyaf,0
leooherrera,0
eh_services,0
charitywater,0
clippersteveb,0
140CharsReview,0
petewentz,0
rrr_yaga,0
st_vincent,0
aliciakeys,0
EYJr,0
MateenYasin,0
AdrienneBailon,0
meiko,0
Schofe,0
FBI,0
nytimes,0
andersoncooper,0
mshansoyung,0
Antwanmclean2,0
JessicaGottlieb,0
BOTLibrary,0
DataCorpLTD,0
rikardsteiber,0
hexa_tech,0
robbiewilliams,0
safiyyahn,0
terrellowens,0
attibalazs,0
kaj33,0
lilychumley,0
AFI,0
jimmykimmel,0
ulat_bulu_bulu,0
kcjohnson9,0
KeionBennett1,0
Tatyana_vel,0
BlondieOfficial,0
PSOE,0
ThihOliveira,0
ManuDayan,0
LAAF,0
GordonKljestan,0
rpavlovD,0
conchoss,0
RiskyBusinessMB,0
AdamSchefter,0
Waxmice,0
MeghanMcCain,0
MarlonWayans,0
naumanminhas91,0
c11ro,0
bubbawatson,0
Maheshbhupathi,0
thecoppergirl,0
IAmAnushka,0
nikilanik,0
30SECONDSTOMARS,0
Pink,0
iansomerhalder,0
kennysule,0
KDTrey5,0
NYU_OGS,0
heyitsfranklin2,0
_pahh,0
itsfreedomlayag,0
Shinedown,0
AlexanderNoyes,0
TrentVessel7,0
NelCoetzee,0
s_vakarchuk,0
juliehdavis,0
nodoubt,0
GrahamMcNeill,0
FreddyAdu,0
SophieT,0
adriancrosby371,0
agequake,0
jasonderulo,0
Patri_Killjoy,0
beastieboys,0
Lilly17254,0
TherealTaraji,0
benkweller,0
FuthumT,0
mimuine,0
T0N0N,0
mashable,0
malco_sugastti,0
kv_karthik,0
simonpolrot,0
johnwoodRTR,0
jstanfordtulsa,0
Wild_Programmer,0
ConanOBrien,0
algore,0
m_a_n_a_v_1609,0
Octavia_Agnes,0
fintechcoach,0
claryssasantana,0
SnoopDogg,0
FretboardNomad,0
Pika34593419,0
yokoono,0
itsimanjordan,0
SarahPalinUSA,0
Gahlaut_Rajput,0
badbanana,0
TWooodley,0
ColinDaileda,0
Weezer,0
meerbaz,0
Jason,0
khakwani16,0
WeAreTheUsed,0
pentametron,0
EtsukoRoten8871,0
sapwnss,0
rwbrown84,0
TheMuffinMan_07,0
jonrafman,0
AngelaAhrendts,0
wmbeer,0
Phil_Coutinho,0
anktrhla,0
megwagner,0
payodsoni,0
operationsmile,0
httpdefsouls,0
m54715303,0
sarakipin,0
kylewreid,0
serafinowicz,0
LucG99,0
lenadunham,0
edhornick,0
kimgenevieve,0
mitchbarwick,0
Mike_Rann,0
stephenfry,0
imtheMDP,0
asuzsy,0
KhunNuOh,0
Rajesh242Rajesh,0
Underviewed,0
jk_rowling,0
4AliAce,0
HillaryClinton,0
Danmasseli2,0
nirdosa,0
beacure,0
maxkeiser,0
sdxtech,0
JBARsodmg,0
aneesh_k,0
BIGPitchAward,0
ancient_rainbow,0
brett1211,0
Leander,0
SirKate,0
milk,0
Billlyyx,0
stevejang,0
AvnishS00673526,0
crystaltamar,0
dermot100,0
CARE,0
nehapai,0
blue_tracks,0
MassGovernor,0
shiftyz,0
larsrosenquist,0
DjWuchi,0
EaterNY,0
AkshayaPatraUSA,0
madanrajpoot,0
kaitlynbharris,0
DWJensen63,0
ZunchenH,0
cellsmile,0
prettyomatic,0
Bigdaou,0
aamir_khan,0
Cristiano,0
Arubin,0
timoreilly,0
HankAzaria,0
solangeknowles,0
Sanchita_Gulati,0
jimmyc20,0
arthur_spirling,0
NamRonata,0
9999999KM,0
octavianasr,0
MoixaTechnology,0
RiotJaredan,0
iamsrk,0
rebeccahiscott,0
myfabolouslife,0
LipComarella,0
yummertime,0
Janina,0
tbrady14,0
rquintini,0
NYU_RaB,0
petersmeg,0
UniqueDima,0
robinthicke,0
DaniellaMonet,0
g33kbeast,0
BiaCPoli,0
JenniferPreston,0
markschlereth,0
ShreyaBallal,0
shawnieora,0
gbanin,0
Narutogame_Info,0
CharlieDavies9,0
serenawilliams,0
SpiderAnderson,0
QueensNRI,0
lisa_amon,0
CoryBooker,0
KristinaShannon,0
AmishFarmHouse,0
jalammar,0
GOOGLEPAGE11,0
ninefortyfive,0
Maahzi,0
sull,0
BDUTT,0
ActuallyNPH,0
tin_vamsi,0
skibluemountain,0
lijiali_vision,0
trocadelivros,0
randizuckerberg,0
jamesmaslow,0
SimplyAJ10,0
tarasz93,0
ashleytisdale,0
RosaAmericana,0
CSPUS,0
IAmJeffEmmerson,0
ClaireRightHere,0
wasif91,0
wandinhoalves,0
latimesmuskal,0
POTUS,0
613_Jason,0
Crazistaan,0
DeportMalkin,0
StateDept,0
amandasegond,0
FGaryGray,0
KirkCousins8,0
alinecsx30,0
cornxaxier,0
ranjit,0
TheMrJuanBrown,0
NSA_PRISMbot,0
eriktorenberg,0
jessicamtz29,0
JaredLeto,0
Frreshsamantha,0
thisismetis,0
RoomtoRead,0
jonas_ent,0
LarryNoble_DC,0
abhinavy2j,0
howiemandel,0
TiaCarrere,0
KevinChinARO,0
ToddBrunson,0
emmajs16,0
hosealiu1990,0
amaquinanaweb,0
wingoz,0
katrina_tester,0
cypresshill,0
MichelleDBeadle,0
LilJon,0
RadarEaD,0
yayitsrob,0
rajesh_220993,0
mamstalden,0
sobeksull,0
AutomateEu,0
picasa2,0
jerffersongat,0
JeffreeStar,0
XabiAlonso,0
Juh_Honda,0
begspoker,0
russwest44,0
AlefSanderson,0
mjesusgz,0
orebob1,0
LanceUlanoff,0
KatieS,0
randyjackson8,0
slexander_coys,0
tonyparker,0
Saliva,0
WarrenSapp,0
statementartist,0
AmitabhBachan,0
marieantuns,0
KSMofficial,0
robkardashian,0
AMadumoole,0
miel,0
JeffBezos,0
marionraven,0
LeoDiCaprio,0
AshleyMGreene,0
MichelleObama,0
KapilSharmaK9,0
michaelcrowley,0
KananGill,0
timarmstrongaol,0
BBCBreaking,0
Miv4t_,0
anagaal,0
palo_jesse,0
jamesafalk,0
HHShkMohd,0
jem,0
Leo_Tweets,0
leonthomas,0
DSI_Columbia,0
Molly_Horan,0
Andy_Bloch,0
alex_jeanmonod,0
arunchaluvadhi,0
sadB0T,0
druidDUDE,0
dibbsiapp,0
knowkenny,0
leozpf,0
Siwan_ZEA,0
LeeRecioy,0
mahflaibam,0
brianstelter,0
Padmasree,0
Sia,0
Ziyansha,0
marissamayer,0
MariaSharapova,0
Phoebus_Ji,0
paulinhohopp,0
SteveAustria,0
annie_guerra,0
paolitagdiaz,0
feliciaday,0
AndersFoghR,0
mcflyjrmartin,0
delben29,0
khoi,0
uncarvedblock64,0
xhckr,0
Tahj_Mowry,0
scott_bot,0
vedang_singh,0
JoolianGarcia,0
michaelianblack,0
tatatessari,0
jeremypiven,0
ionekr,0
YO_RANDYJACKSON,0
Gustfernandes__,0
Juicy_JessieG,0
GelaFridman,0
Stanford,0
frillneck,0
linadbg,0
Shawndafut,0
meadowgroove,0
FreeSol,0
rbvaughan,0
julibrant,0
cory_arcangel,0
DeathToCambria,0
bradcdata,0
rabovitz,0
whamsy,0
kvlebcobb,0
happyB0T,0
taylorswift13,0
namie98,0
CinemaPaulinia,0
jettheband,0
ethansure,0
austinGMAT,0
_whoisjohn,0
Matt_LeBlanc,0
MaryBonoUSA,0
genesimmons,0
AlvaroGarnero,0
BEugeneSmith,0
RODRIGOMARINP,0
nightsailer,0
DerrenBrown,0
sundarpichai,0
jamiecullum,0
narendramodi,0
momocj,0
JameYu7,0
Residente,0
cameronbright,0
eva_recinos,0
Paula_Deen,0
MatthewDaddona,0
CameronNewton,0
umar_burney,0
jennykijowski,0
Shoham_11,0
anthonyedwards,0
kayivelisse,0
lights,0
sachin_rt,0
RyanSeacrest,0
AdamAWanderer,0
voiceofskyler,0
Kenny_Mayne,0
catherinedwyer,0
Mc_Driver,0
IzzieStark99,0
ilkinhasanov89,0
CharlizeAfrica,0
Rugvds,0
ScottStapp,0
JoeSpeeds,0
Daniel_Chase_,0
sukiebearz,0
megananomous,0
yezhang86,0
CoryTV,0
NateDiaz209,0
paqman13,0
dfjsteve,0
forehandloop,0
KishoreGSundar,0
richeisen,0
Games4Lyf2,0
SammieAlways,0
menakaonline,0
bookstylist,0
carlosbeltran15,0
doscareers,0
TheJohnAbraham,0
CMPunk,0
SugarcultMarko,0
ronanmylove,0
jhouss_,0
ChrisGorham,0
JKCorden,0
kevinrose,0
michamoore,0
CharmCityDevils,0
taylorpfreeman,0
pierre,0
christianbok,0
aronyniqi1234,0
tonibraxton,0
jimjonescapo,0
gummatt,0
asuka111,0
NSaina,0
ni9026,0
jk_rowling,0
DeleuzeGuattari,0
nvpatil123,0
hoIIybassett,0
cihpom,0
benparr,0
JessicaBurciaga,0
VerneTroyer,0
susan_temple,0
aerialloos,0
ne3na,0
howardhlederer,0
DanielSturridge,0
mathmoreo,0
carinahsieh,0
VerticalHorizon,0
iBridi,0
thelittleidiot,0
balof2001,0
BachusAL06,0
johnlegend,0
britneyspears,0
john_mwood,0
mickokka,0
donttrythis,0
Maestro,0
isatomazini,0
fpfaffenm,0
liamdacey,0
midlifemason,0
TonyWasHere___,0
intel,0
hacktheban,0
Mgroffenberger,0
mark_on_task,0
GameOfThrones,0
souljaboy,0
Davidcapuano4,0
TPAIN,0
katevoegele,0
VeraGeBa,0
NathanPacheco,0
MayorSlay,0
respranabiz,0
stopcontinues,0
philosopherkang,0
realmadrid,0
PepeAguilar,0
ReggieBush,0
JustinTrudeau,0
Stroke9,0
DJ44,0
BarackObama,0
Janea00,0
EmilyOsment,0
tomhanks,0
krishnasaini16,0
WendiannaJonez,0
KCucchia,0
LarsLuv,0
LiquidNewsroom,0
SavedYouAClick,0
taychilders,0
AubreyODay,0
GenerateACat,0
MsLaurenLondon,0
abhishek_shetty,0
jeslyncat,0
busaao,0
EmmaWatson,0
Olivia73520999,0
amaditalks,0
Maisie_Williams,0
gaGunNarang,0
Eve6,0
naveen_kondam,0
arthchan2003,0
amyschumer,0
VitalikButerin,0
TalhaSabri1,0
Global_Derivs,0
katyperry,0
kfusion13,0
lucascanto96,0
Lionel_Messi,0
jerrytrainor,0
nasnog,0
fishtale13,0
TWWiFi,0
Im_Just_Chloe,0
eucopresident,0
JayKimLaFlare,0
shannonleetweed,0
LizGillies,0
imVkohli,0
MarkBoardmanArt,0
AnkurMa10500490,0
Phillyfreezer,0
adropboxspace,0
lucidbluedream,0
DjokerNole,0
Enrique_alv,0
guillermomayuri,0
azuzephre,0
LeeNguyen24,0
Nicole_Murphy,0
ProjectSeagrass,0
_lusantiago,0
9GAG,0
Xavier_Drummer,0
aayucrazy,0
AnnieDuke,0
RealJamesMc1960,0
DeptVetAffairs,0
RitterCarolyn,0
GrasslandsMusic,0
sai88848,0
elonmusk,0
arjitsingh2454,0
bisping,0
spiderblogg,0
itstayloryall,0
coldplay,0
UncleRUSH,0
ArvindKejriwal,0
ArmandTweets,0
JLo,0
OfficialSisQo,0
mattdusk,0
MattGrosack,0
stuholden,0
Ljimenez09,0
Erik_Seidel,0
RepKevinBrady,0
jaysean,0
geoffreyamoore,0
htp_Disordia,0
EderFranco_Gt,0
LizHernandez,0
RhiannonSL,0
AlecJRoss,0
jensstoltenberg,0
davidplouffe,0
scifiwords,0
johnrampton,0
selenagomez,0
MominaMustehsan,0
the_underquoted,0
jpmontoya,0
HemaVM,0
AnuKumarPatel1,0
kerianngala,0
ysaraf,0
habibrkhan,0
lilyallen,0
azizansari,0
JJ_Lin,0
bcsing29,0
RoeConn,0
TravisCrandell,0
HubBucket,0
Axelcarp230,0
CarlyFiorina,0
duttypaul,0
hardwick,0
julianperretta,0
TakeoSpikes51,0
adityacdurai,0
aninhaoquadrado,0
gunt3001,0
mitchelmusso,0
nicovega,0
tinathegr8est,0
EvanderWorland,0
RepGusBilirakis,0
KoopaTroopa37,0
kelseyylittle,0
LomenDenisha,0
emilybkaufman,0
TeamLou23,0
jeff_green22,0
thesweetmystery,0
julianobelletti,0
D_Rock748,0
thekillers,0
SebastianThrun,0
jenntejada,0
donni,0
jonathanporte19,0
chrisamv,0
showerscum,0
Vignesh_6v,0
HeidiRoizen,0
pastorkiko,0
TonyBesson,0
letrasfrutosagr,0
RodriguezJack,0
WorldSummitAI,0
khloekardashian,0
atzblogs,0
RudyGay8,0
jrich23,0
GhelaBoskovich,0
RED,0
Jacklynyan,0
MCHammer,0
anupamachopra,0
Nicolas08ME,0
ArtEiji,0
paulocoelho,0
lorenarojas,0
Mansursinho,0
Mickhodgkin,0
tomgreenlive,0
alanna,0
SciTechRangers,0
racheltabora,0
ppleonasmo,0
iurimatias,0
acvinal,0
TaylorMarieHill,0
gabbileal1,0
UzairKK,0
lurker3142,0
grantimahara,0
MMRAW,0
superrnaturalfa,0
MileyCyrus,0
_Walter2011,0
TechCrunch,0
brngnr,0
RunningManTown,0
TonyFergusonXT,0
JohnBoozman,0
passosjoao2011,0
dushyanthram,0
belovedtruth1,0
jtimberlake,0
annieepark,0
chasely,0
dawnhamilton811,0
AmIRiteBot,0
NeilRobertson21,0
ssdai,0
engsgp,0
DJWhooKid,0
NeveraDought,0
Amirrozzo,0
Mandy_Nobre,0
RedHourBen,0
AdrianPeterson,0
EricHutchinson,0
LeftAtLondon,0
TheSwaggaCity,0
Sidsector9,0
PawanKalyan,0
Halsey_Minor,0
AmadorVelasquez,0
30_dias,0
behindwoods,0
typicalgirlname,0
RosaineBarros,0
_mayf,0
FCSLlightning,0
SteveCase,0
TravieMcCoy,0
JoeySantiago,0
MirzaSania,0
james_a_michael,0
DeannaGreen51,0
iamsana_afreen,0
Bearmod,0
scottmcnealy,0
acrohub,0
ImRaina,0
HeySamantha,0
syntacticfoam,0
didericksen,0
FireEmblemJP,0
hassi107,0
katiemarielin,0
UnitedWarVets,0
JuulioLimoli,0
wisedollar,0
alyankovic,0
MediaJonKlein,0
britlyn_leigh,0
Hanna_Denea,0
lindsaylohan,0
kevinscampoli,0
henrymcmaster,0
1191Rivas,0
vickyyyy_k,0
collinmathilde,0
joycekhanuja,0
PFK_Shurlok,0
R_CNO,0
sarah_shewell,0
Kaiser_1917,0
evanildorodrigu,0
yunacornmeat,0
JuMToledo,0
LennyKravitz,0
ShaunPhillips95,0
varunsrinivassr,0
nyupb,0
nickdiaz209,0
StephenAtHome,0
KeriHilson,0
caroliv3,0
kathygriffin,0
LucianoBurti,0
svgeesus,0
pdlight,0
shonta_semit,0
MikhailJacob,0
thejohnnynemo,0
nacho2100,0
wavesharing,0
theroser,0
maspqnick,0
DangeRussWilson,0
caca_carlinha,0
thehitwoman,0
BlairUnderwood,0
pranavperfect,0
bjork,0
profnote,0
briansolis,0
THELASTVEGAS,0
film_girl,0
melindagates,0
sterdw,0
stephenjcannell,0
GaabyCremasco,0
JDayral,0
carol_morandin,0
sameerh617,0
maryrega47,0
ParisHilton,0
NickHexum,0
RM_Foundation,0
mortreport,0
weijmarshausen,0
tomwaits,0
thebridgebk,0
TheNotoriousMMA,0
ubaldohcamposjr,0
sixohsix,0
KeiraHenninger,0
SarahBrownUK,0
kevindway,0
snaglee2401,0
connersherline,0
themichellewie,0
harshimau,0
Abu_Turab_Suri,0
tonyromo,0
BennyHarlem,0
ashleyokwuosa,0
adamostrow,0
Heidi33Tigressa,0
OTG_Locksmith,0
SteveOvisioN,0
flawlessness101,0
UrviBhuwania,0
rogerfederer,0
cristinesteh,0
litivelli_,0
NikunjKyal,0
Greg,0
MCRofficial,0
vaibhav078,0
NathanBenaich,0
StephenColletti,0
sidzekrom,0
MauriceEdu,0
NYUADstartAD,0
nnnahnibor,0
dashboardmusic,0
shabazzybaz,0
HeeyIsaaah,0
Pamela_Brunson,0
JoeHockey,0
zacf_129979472,0
Nicoolz,0
AlolanMeowth,0
alexanderljung,0
Chikisarkar,0
theCake,0
EstagiareSP,0
CPonceActual,0
PMbschandra,0
garbo_smash,0
feapfaffma,0
lianghai,0
NICQUEENCOLE,0
mbilik_,0
MuhammadZach7,0
TichaPenicheiro,0
R_Khanna,0
ParineetiChopra,0
lohhuixin,0
IshitaMukishi,0
showbufire,0
rameshchitor,0
smarbusinesss,0
aprctrubin,0
NBCF,0
stephanjenkins,0
belizhazan,0
williecolon,0
MrBlackFrancis,0
uzmani90,0
RoyBlunt,0
andrewrchow,0
felipee_moraes,0
duynguyenuw,0
Lereza7,0
CodeInBlack,0
willianborges88,0
BrandonTGraham,0
adorasv,0
Orenets,0
Tron1993,0
gcolucci,0
mayaacarvalho,0
BillCosby,0
instabatt_en,0
matteostanzani,0
KimKardashian,0
MarcBElias,0
janantissocial,0
CDCemergency,0
RealDMitchell,0
ishanbyotra,0
chadvelezzzzz,0
KAKA,0
ChelseaVogt2,0
adeoressi,0
JozyAltidore,0
JTLonsdale,0
_SamanthaDean,0
Wendelllacerda,0
bliss_tyler12,0
greshambarrett,0
repiato,0
PeterHamby,0
martinamcbride,0
AllTimeLow,0
f_jubs,0
ubuweb,0
julioafa5174,0
SujithArram,0
DanicaPatrick,0
JohnCena,0
AliGal022,0
smritiirani,0
mydatalake,0
plazaportland,0
Nagendr64351037,0
MillaJovovich,0
cocolee117,0
NathanFillion,0
TheRealStanLee,0
GeneP4rmes4n,0
EdwardNorton,0
KeithUrban,0
yogurtmei1989,0
EmekaPatrick,0
DJCLUE,0
SrBachchan,0
samia_chares,0
Akemi_prof,0
D33PAK_BHASKAR,0
GrowingUpSmith,0
TechnicallyRon,0
chronic,0
jesslivingston,0
UN,0
Duanebray,0
ConsularNotify,0
sorin_dave,0
RagovinVentures,0
EliasScane,0
aaronpaul_8,0
nancyodell,0
emmadries,0
justdemi,0
ElshnawayA,0
andreacberry,0
StephLizWalden,0
Sharonfeder,0
ashleesimpson,0
NYULMC_IIME,0
Mike_Doughty_,0
MatthewBerryTMR,0
KlankbaanBang,0
neilhimself,0
ikamalhaasan,0
howardlindzon,0
Hammie25,0
joaomariante,0
paulg,0
omidkordestani,0
AliBrown,0
DP_57,0
HungryGirl,0
kordeidangerouz,0
aliameenrana,0
Zmezzo412,0
murilopolato,0
JudyBiggert,0
achanchani,0
UniquaQ,0
UmairSQureshi,0
whteelephnt,0
Reince45,0
Saloni146,0
SophiaFreshness,0
Mariana_m01,0
nflcommish,0
vkhosla,0
FionaSequeira91,0
gilbirmingham,0
Sourabh_Kt,0
MatthewBurgesss,0
ZilviaAlfonso,0
BilbrayCA50,0
TorontoRBOT,0
thiinkabout,0
julima_f,0
loic,0
debrady,0
wenqing_yao,0
10years,0
avinash_vaka,0
drghirlanda,0
Lari_kumagai,0
AOdago,0
berryshadow,0
CrissAngel,0
dttransformer,0
RevRunWisdom,0
Guillaume_Adam_,0
pnut,0
devduttmyth,0
Myke311,0
internetofshit,0
festadamaria,0
pscb102,0
danieltosh,0
QuincyDJones,0
AvanJogia,0
beatnomad,0
ijstokes,0
MaxKnoblauch,0
wryryry,0
didoofficial,0
kirkmorrison,0
MedStylist,0
MTGPix,0
JeffMadsenobv,0
GreenDay,0
joseserra_,0
josiahandthe,0
laeek91,0
TibiaCheats,0
USCTO44,0
WayneHeadConvo,0
chriscornell,0
LogicalIndians,0
nicolerichie,0
thefalloftroy,0
JoeFernandez,0
Sir_RV,0
dz,0
shwayze,0
LilyMazahery,0
sneha343430,0
Roothlus,0
rihanna,0
brendaniribe,0
Joseguillermo,0
LisaKudrow,0
hmason,0
PronoyR92,0
frugalista,0
seanhannity,0
JRNoblin,0
Ann_Kimberlyyy,0
bmf,0
antoinewilson,0
FloydMayweather,0
matisyahu,0
VictoriaCoren,0
EricDRieth,0
wanderfukt,0
toddbarry,0
FilosofiaMetal,0
prd6001,0
AlisonSudol,0
eddieizzard,0
IAMtheCOMMODORE,0
kaiiyyma,0
huskerzach6,0
lala,0
sarahmaibach,0
jaybirdsatx,0
nvidia,0
nickcarter,0
GuyKawasaki,0
PokemonGo100IV,0
Taydizm,0
ShaneWallCTO,0
warfried,0
leap2drive,0
Babylonian,0
bartjstein,0
MarielHemingway,0
howied,0
TravelGov,0
AndyFouche,0
am_i_sam98,0
LeblancDidi,0
NickKristof,0
BenBoutcherWest,0
jteposte,0
MASHAgindler,0
HANAHliving,0
IsaaahCarolina,0
DrJamesCDobson,0
Gomidedany,0
MattBennett,0
ChanceSalisbur1,0
cindygallop,0
AntonioPizzonia,0
ang3538,0
justbrad23,0
CeliaVee,0
_breadward,0
margaretcho,0
Kallan10,0
SunLooksDown,0
Buckcherry,0
ArianaGrande,0
IamSamOrtmann,0
amandapalmer,0
NYCFC,0
KarlRove,0
pampamela_,0
appletonsfinest,0
superdaniela,0
ChristineCC14,0
sondra_barlow,0
resprana,0
AndrewYNg,0
LucasQuental,0
DelftUniversity,0
SushmaSwaraj,0
PequenoRabisco,0
chucktodd,0
SDhawan25,0
cabearzotti,0
ColinCowherd,0
shahidkapoor,0
ManCity,0
randhindi,0
JimCarrey,0
schzimmydeanie,0
MicheleBachmann,0
JuliaAllison,0
RafaelNadal,0
ChrisGLogan,0
BlakePlock,0
afghanraiders,0
cristian_web,0
stacymartinet,0
omaregy0220,0
lauravitt0,0
greatartbot,0
typesfast,0
daaniilimaa,0
arnab9211,0
DJMissBehavior,0
luisafilipa02,0
ReneeJJames,0
PhoebeHugh_,0
Bridget,0
ajr_almeida,0
llcoolj,0
SatoshiLite,0
amrit,0
theakkoolaidman,0
ANDERSONROCKON,0
ammararshad634,0
PAULVANDYK,0
empireofthekop,0
selcukyilm4z,0
divya_penumetsa,0
saraevansmusic,0
emilymkingg_,0
dylanhann,0
lancearmstrong,0
jimmyeatworld,0
DaveJMatthews,0
suresh99291,0
BigMay42,0
lilmissagitated,0
jleahy18,0
Jdinesh525,0
imogenheap,0
chrisbosh,0
christletine,0
mattkbradley,0
Al_Horford,0
MerlinOfficial,0
RaesTheYouthBar,0
JJWatt,0
crookedvultures,0
karthikavk,0
ihiteshbansal,0
Somenteprati,0
TWFoundation,0
AlleeyyRick,0
campiteli_p,0
priyankachopra,0
WoWEorg,0
Gloomyohio58,0
benlandis,0
JealousElonMusk,0
jimkchin,0
nickjonas,0
bobburnquist,0
TheDemocrats,0
MaxCollinsMusic,0
isabruni_,0
saad_bshams,0
CherieKuang,0
otod,0
cleber_w_mognon,0
theadoodles,0
maltmurphy,0
sharriopitz,0
Refugees,0
robbierogers,0
gallinari8888,0
diddy,0
Social_Chef,0
jeromedorn,0
matheus_rjb,0
armmaster1,0
TexDolly,0
Wils_Lfc,0
GregYaitanes,0
Wandame_,0
danawhite,0
poem_exe,0
stewartbrand,0
Gabrieldollis,0
Print365ie,0
scottrinnyc,0
KindaNerdyHW,0
MarleeMatlin,0
ladygaga,0
xonecole,0
thearvindswami,0
SeanSingletary,0
TheEllenShow,0
ashleymonroe,0
JoeBiden,0
wgajate,0
JenBuckleyVA,0
PearlJam,0
brunoairah,0
rutenbert,0
beck,0
Blankwonder,0
Shalmalee_Vish,0
Matter_Digital,0
PrsonaNonTrotta,0
elephantbot,0
JustinTimesUK,0
robynpeterson,0
boburnham,0
timberners_lee,0
nycacre,0
RealHughJackman,0
SMignolet,0
christianllang,0
rahul_cloud9,0
br0n50n,0
Tyrese,0
justinbieber,0
cesarmillan,0
mayauofa213,0
Andy,0
VicenteTao,0
kar2905,0
palalablo,0
dutt_ashish,0
KellerSeason,0
VitorBecker,0
honorsociety,0
brian_littrell,0
TomJackson57,0
visu_bio,0
VivianePatty,0
mohsin_shk11,0
Robbie_OC,0
MiThiicSource,0
JTJ_Photo,0
SkillzVa,0
iamadityar,0
haileybaldwin,0
ahmadriaz,0
thetrickisto,0
OKKenna,0
MixologyBot,0
leslieberland,0
SamuelsPants,0
jimmyfallon,0
LocalAlligator,0
RepJoeBarton,0
